{"cameraMode":{"drawMode":0,"name":"Shaded","section":"Shading Mode"},"sceneLighting":true,"audioPlay":false,"sceneViewState":{"m_AlwaysRefresh":true,"showFog":false,"showSkybox":true,"showFlares":true,"showImageEffects":true,"showParticleSystems":true,"showVisualEffectGraphs":true,"m_FxEnabled":true},"in2DMode":false,"pivot":{"x":14.49744987487793,"y":0.985073447227478,"z":0.012796111404895783},"rotation":{"x":-0.07224597036838532,"y":-0.003893206361681223,"z":0.00028162027592770755,"w":-0.9973844885826111},"size":1.829180121421814,"orthographic":false}