{"cameraMode":{"drawMode":0,"name":"Shaded","section":"Shading Mode"},"sceneLighting":true,"audioPlay":false,"sceneViewState":{"m_AlwaysRefresh":true,"showFog":false,"showSkybox":true,"showFlares":true,"showImageEffects":true,"showParticleSystems":true,"showVisualEffectGraphs":true,"m_FxEnabled":true},"in2DMode":false,"pivot":{"x":14.371773719787598,"y":0.9577503800392151,"z":0.04584584757685661},"rotation":{"x":-0.06603039801120758,"y":0.7737678289413452,"z":-0.08178753405809403,"w":-0.6246922016143799},"size":1.3449110984802247,"orthographic":false}